0,1,2,3,4,5,6,label
0.0020209407081893645,4.858393640097061e-07,2.4455611204871556e-11,7.767455102334337e-12,1.051505074104819e-22,5.401107128084841e-15,-2.0103895940464138e-23,1
0.0015552035573748357,2.9141450414984025e-07,4.124104354742794e-12,1.5112616225856126e-11,1.1567334284910355e-22,6.564433918389678e-15,2.922990291041639e-23,1
0.0019551155912087576,4.0887165405562465e-07,8.271541740259615e-12,2.849463402470426e-11,4.37434530778775e-22,8.144099367453574e-15,-4.674447032657854e-24,1
0.0017052472739993983,3.627827580953789e-07,7.418630544142044e-12,2.8444411164080413e-11,4.1071330089511035e-22,1.2756757652084498e-14,-4.523770881024439e-23,1
0.0020353103679610447,4.06226036442399e-07,2.3092874276938162e-11,2.696535114834362e-11,6.698450420899981e-22,1.6998550509141944e-14,6.400780450781603e-23,1
0.0018047148245190021,4.0189771879613177e-07,3.2591704383277384e-12,3.97097007791986e-11,4.427849596426468e-22,2.5006705010229193e-14,8.955345345126366e-23,1
0.0017179358485774742,3.43990126213108e-07,9.29300875866805e-11,1.271054190280595e-10,1.3504721019888947e-20,7.088419394689035e-14,-2.9074634000152813e-21,1
0.0016722823159083695,3.372631928271688e-07,9.234646396730063e-12,2.0742722833404156e-12,7.2330732897361e-24,1.1604797926630452e-15,5.486328032164898e-24,1
0.002131172852338003,4.865389334593115e-07,1.0179947110291563e-10,3.238142020194219e-10,4.3189364238290523e-20,1.6800475556838827e-13,-3.9889247360820595e-20,1
0.0019667343923682424,4.5837541197396807e-07,2.08987121403301e-11,6.122752842184582e-12,-5.767785757460669e-23,-2.355026295268034e-15,3.8342589840902894e-23,1
0.0016894042001467028,3.6533102254623535e-07,2.343292240145025e-11,1.716247579179105e-11,2.8348422092608766e-22,8.782815695643649e-15,1.9517993477066176e-22,1
0.001957881428256634,4.871051262380623e-07,6.778432830657906e-12,4.595041661154352e-11,7.176105344299195e-22,3.113159661841442e-14,3.7774251787049287e-22,1
0.0016755125161074117,3.1217612891002003e-07,6.9693237355577514e-12,3.076269779115303e-11,-2.6615164837409724e-22,-1.3285115344119637e-14,3.6339347830412673e-22,1
0.0019683569144407823,4.423416063004941e-07,2.786715810411564e-11,1.737844244347129e-11,4.369943628751286e-23,3.2596892177432544e-15,3.7993452787666445e-22,1
0.0016776455692362902,3.5583155190120604e-07,1.6164186194011638e-11,9.895548274227359e-12,-1.0815096999847237e-22,-4.2018130174211646e-15,6.297867048470625e-23,1
0.0016074475364456684,2.884197944212205e-07,3.642105446257233e-13,4.431342484044622e-12,1.0483118860129557e-24,2.2140814413095564e-15,5.53115590579869e-24,1
0.002230730203972206,5.458703701874066e-07,2.0804774921356855e-11,7.1332822625412085e-12,-3.5954022784874e-23,2.5913695538153195e-16,7.911241285387761e-23,1
0.0018371720959791953,4.0769606094081043e-07,1.3084162047192617e-11,2.3347092134794002e-11,-1.8420069872135713e-22,-1.2416075261609827e-14,-3.641176052222208e-22,1
0.0017129822205259847,3.802284916502625e-07,8.735279179650086e-12,4.282252680405037e-12,-2.130111812179971e-23,-8.6996614666868745e-16,1.5238578024561694e-23,1
0.0016143179293294516,2.902270786762549e-07,9.70975785462492e-13,6.276264132316406e-12,7.882988713080767e-24,2.5842715615793435e-15,1.3338448057084404e-23,1
0.0014927540012812446,2.5191407012562285e-07,1.5959667085261235e-11,2.195575399738802e-11,2.7839528869964436e-22,6.621310104593627e-15,3.0234306203989134e-22,1
0.0013501580512667883,1.8841073804170238e-07,2.1615394157241797e-12,9.421822507151914e-12,4.1725407926459977e-23,3.0971089750725805e-15,-8.176999284431206e-24,1
0.0018074717812457605,4.3528315509477407e-07,4.762382054230768e-12,7.288678917466633e-13,-4.046138043590318e-25,-4.545815401161224e-16,-1.2962751124144437e-24,1
0.0017110048364111828,3.00305245434078e-07,4.108240334009949e-11,7.527967845471684e-11,3.797880608160134e-21,3.4781178003799855e-14,-1.761350948455388e-21,1
0.0013788860683374728,1.6699879182450585e-07,6.591112584125777e-12,3.136914585986291e-11,3.082790277838549e-22,1.0346047635127359e-14,-3.2926936060650115e-22,1
0.0012733511845744758,1.6219727280112216e-07,6.094320248289797e-12,8.671157253802761e-12,1.6052374998890555e-23,6.055276528523803e-16,-6.095627886651634e-23,1
0.0019592468577164296,5.054287894001267e-07,1.3650109225914726e-11,7.268683807898538e-11,2.192092366522719e-21,2.8969833161599577e-14,-6.609151287447755e-22,1
0.0018251722337463438,4.1121348557796894e-07,6.600259207136122e-12,1.6494442533794197e-11,1.720623008401355e-22,1.0795455467601439e-15,-3.715526069892899e-24,1
0.0017147164947801216,3.5216924733402303e-07,3.666952530461216e-11,4.6267117364926207e-11,1.3891540528362438e-21,2.0222217269125615e-14,1.3046289833727471e-21,1
0.0016329855765552163,3.1212781538679843e-07,2.0551247188040486e-11,2.998919526979517e-11,5.423156407368381e-22,1.2014371033225024e-14,5.100765618530321e-22,1
0.0021270999312691563,4.647887235124304e-07,2.2366798967030535e-10,2.9881924541849156e-10,7.012848797919305e-20,1.748740945865389e-13,3.2403780428642885e-20,1
0.0017894050987074593,3.183481150070934e-07,3.95096990157302e-11,1.6205603052299937e-10,4.976988187117891e-21,3.1707781967151075e-14,-1.1974161073140644e-20,1
0.0016720783209556167,2.953596380789401e-07,2.735427289629607e-11,8.240808636391544e-11,1.948745164160504e-21,2.0337006207070915e-14,-3.3927811089443405e-21,1
0.0019300918545062267,4.247073896596124e-07,2.9075209324510392e-12,5.420854865778785e-12,1.927884036093087e-23,1.6586103281276928e-15,9.564577161600668e-24,1
0.00213627627905624,5.068574682388388e-07,5.166398492177008e-11,5.849528634162774e-11,2.3319222686552627e-21,3.10567017252139e-14,2.2142385249343323e-21,1
0.0016962346989894302,3.213470047465326e-07,4.6305996387091454e-11,8.402475597228357e-11,3.417775716300573e-21,2.516698362337664e-14,-3.973516266974715e-21,1
0.001590735956400769,2.94883115642783e-07,2.7318929499554487e-11,3.920753014453099e-11,1.164488359438505e-21,1.8953823042171804e-14,-5.389863449490104e-22,1
0.0018008717019670582,3.4714143600997693e-07,1.463615654156949e-10,2.851970939484102e-10,5.760279043500218e-20,1.620775919031949e-13,-8.78036770005725e-21,1
0.0014719270010109128,2.603333814080256e-07,1.241541991600232e-11,5.061824433845185e-11,1.232010525454726e-21,2.290345019186532e-14,-3.0390876287048907e-22,1
0.0020719985742228986,5.324641989003918e-07,6.297425742445674e-11,6.236312708566796e-11,1.458696766110462e-21,1.9572075255419597e-14,3.625739916362704e-21,1
0.001982585611711153,5.154489307575627e-07,1.7630663585197764e-11,1.0398702527683176e-10,4.309960257705303e-21,6.91426224588457e-14,-1.11755075473478e-21,1
0.0018108844188972554,3.8791218874500924e-07,1.2623333914838741e-11,6.612012701807139e-11,1.898445785446772e-21,3.61285426557847e-14,-2.1192936818162816e-22,1
0.0018104778755512231,4.1927089484839845e-07,1.8786639949951695e-11,9.498401010879242e-11,4.009332586836797e-21,5.663273222964895e-14,1.55935157924453e-22,1
0.001800896509792494,4.121895937182204e-07,1.323863433022474e-11,8.728044711991883e-11,2.9511282325009624e-21,5.449738039948119e-14,3.0512250962276772e-22,1
0.001877626187357971,4.5307020631842904e-07,1.2232542051464554e-11,6.616718217556804e-12,-5.1366488054439934e-23,-4.3386243784600065e-15,-3.0084604879426394e-23,1
0.0016859264041130776,3.385762788868157e-07,2.0460885063570827e-11,1.4903097732885192e-11,-2.941743315058373e-23,4.350076199080769e-16,2.5857378490476804e-22,1
0.001884676552946123,4.4024520808824725e-07,3.4658195991628744e-11,1.9512591671040044e-11,3.208228123734669e-22,8.03653147859483e-15,3.931374621493151e-22,1
0.0018385189635495701,3.7519436315470666e-07,9.288383892476668e-12,2.9169553981404438e-12,4.4417274231938686e-24,7.843028949025249e-16,1.4519027426074512e-23,1
0.001654668508628853,3.207441884645661e-07,8.960728922460083e-12,6.18220642702285e-12,-4.5225631088892625e-23,-2.882605310117286e-15,8.479422337230498e-24,1
0.001892035534755775,4.445715103129717e-07,3.282819593498152e-11,3.1652229251210263e-11,2.84354839097152e-22,8.25450255884643e-15,-9.798797713149547e-22,1
0.000952730866954059,6.511690863074844e-08,1.2651321573223293e-13,1.2535852492133494e-12,3.2840288450095354e-25,2.2701887830165677e-16,3.760052351549323e-25,2
0.000861193538162969,5.4410800821914767e-08,1.5904992647592596e-13,1.744038590948154e-12,6.4290736316230755e-25,3.2738779822445577e-16,6.560462849824819e-25,2
0.0009361661815340859,6.242765155236224e-08,4.210904340831925e-13,5.555745968601875e-12,4.391487796492584e-24,9.069479623160931e-16,7.275004781045578e-24,2
0.0008898802007271715,5.781031546654275e-08,9.195702980505325e-14,1.096418959861174e-12,3.2924979175998188e-25,2.5919540952034367e-16,1.1312781703862307e-25,2
0.0008609608511007958,5.564131667579876e-08,9.590938697260785e-14,9.033208725019674e-13,1.931548178575103e-25,1.4583750352530079e-16,1.827183096443344e-25,2
0.0009336941018785257,5.8330936487731505e-08,2.025788851654732e-13,4.324765804316234e-12,3.0213566067316823e-24,9.261415462610283e-16,2.694020079730351e-24,2
0.0009622312747196942,6.45812934989995e-08,2.6821923237025818e-14,5.265737814645649e-13,5.200684415995583e-26,1.0648717115590876e-16,3.480679425895841e-26,2
0.0010436603353407208,7.395410510715466e-08,6.203280139816768e-14,1.3369592875573089e-12,3.016774134315105e-25,3.5065371439647e-16,-2.392369838628403e-25,2
0.0010331892810787019,6.590795958146835e-08,4.378722491235665e-13,1.242862932621289e-11,2.3881914042673198e-23,2.8888655740661657e-15,1.6441042616131952e-23,2
0.001079526956312504,7.420802280693382e-08,4.911538251929425e-13,9.723365876167238e-12,-4.7379146900152714e-24,5.807205175934617e-16,2.0713816816380786e-23,2
0.0009495209381961299,6.364481787612997e-08,2.416626977679798e-13,3.20287610063386e-12,1.4306541897895725e-24,4.325669625883844e-16,2.4276331861520256e-24,2
0.0009363042346614216,6.419902292857028e-08,7.262899383452958e-14,7.12187050168031e-13,4.88885168949753e-27,-3.42097304668333e-17,-1.6190050744547568e-25,2
0.0010779165008495903,7.479485774416711e-08,7.983058462123833e-14,2.0402022038147944e-12,-3.7723220011722673e-25,-4.737422980002783e-16,-7.318690168186131e-25,2
0.0010261964279407534,7.207600454895535e-08,1.4979644912672615e-13,9.731932987177565e-13,-2.555710331947167e-25,-1.0980798308645189e-16,2.69728187986177e-25,2
0.001050120288591757,6.144997042249335e-08,3.335907088176108e-13,1.5181375545385486e-11,1.0658746277541082e-23,3.0617108181496554e-15,3.2459152879231713e-23,2
0.001050254676295948,7.311903220692731e-08,1.7990415522762855e-14,2.1976446371757815e-13,1.316915817413328e-26,5.499623409442126e-17,4.185762310015442e-27,2
0.0010514871754081214,6.863047449792567e-08,2.2686679034154088e-13,6.674605357564674e-12,6.987248389175471e-24,1.267042699235709e-15,4.317241301777116e-24,2
0.00100094461522684,6.476378468644947e-08,4.079183616743405e-13,8.212809617965768e-12,1.1836079983555346e-23,1.957114271025622e-15,9.266932202490654e-24,2
0.0010049139272440026,6.925038485596048e-08,2.7960109308447434e-13,3.544222213408532e-12,2.826062559244447e-24,8.439454377283327e-16,2.1122099868316478e-24,2
0.0009779833529205346,6.413822156122645e-08,1.5956934143647006e-13,3.1332509892341296e-12,2.193361401089051e-24,7.917327957857178e-16,-3.1226583318593953e-25,2
0.0010310780842649934,6.888994698580232e-08,3.1452957133780973e-13,9.9597828123242e-12,1.099160229133768e-23,1.2830865462189305e-15,1.378167781224272e-23,2
0.0010611411567799304,7.001923933303467e-08,1.492003030334422e-13,3.009174659376539e-12,1.7648489789538332e-24,7.860789092265616e-16,9.750839354076948e-25,2
0.0009176057329685738,5.886883916031223e-08,3.617743075740533e-13,5.067947049232918e-12,4.038491245497482e-24,8.618794244783594e-16,5.5480768063147964e-24,2
0.0010455788712509296,7.167292543298266e-08,8.317385926997493e-15,3.197276331674622e-13,9.5143444630505e-27,8.382888793504952e-18,1.3465734993145559e-26,2
0.0009370943594670614,5.3478914191692064e-08,4.1916606185637394e-13,1.2249193969950766e-11,2.4934720307974498e-23,2.7626821591357025e-15,-1.2192054597176467e-23,2
0.0009707736406442166,6.825087906060607e-08,6.813997416344278e-14,6.648759398739813e-13,1.156193338665988e-25,1.2615657230668723e-16,-8.160597277186545e-26,2
0.0008684443777493263,5.4394990777698564e-08,2.9408505496951107e-13,3.256897643352292e-12,3.1636038264519908e-24,7.544756468439987e-16,3.891192256470665e-25,2
0.0008783556977246183,5.387304705842118e-08,3.6340010470842327e-13,4.765110129898502e-12,4.602313150588925e-24,9.174093873380815e-16,-4.2588544754170154e-24,2
0.0008651624821833233,5.623136499812512e-08,2.6058057545666553e-14,2.35897872024378e-13,1.790250912031034e-26,5.488777410778366e-17,-4.6442948641411504e-27,2
0.0008717369392479649,5.530797555374167e-08,1.362249985521766e-13,1.6962489270072177e-12,8.124061766647847e-25,3.987587810985637e-16,-6.963553508371432e-26,2
0.0008515324103497066,4.686000849865601e-08,4.31915229912108e-13,7.942265764252404e-12,1.4603816699987473e-23,1.7090993293406863e-15,-1.7651730468053078e-24,2
0.0008454353643790283,5.324285205769369e-08,3.4358041540432516e-13,3.108156626410898e-12,2.0904028000391997e-24,4.834029333356939e-16,-2.4386118793704267e-24,2
0.0009001500655447185,5.733900706816208e-08,1.6140295050741188e-13,2.208167079936326e-12,1.0392727773624346e-24,4.2456538979243463e-16,-8.110129367886863e-25,2
0.0009507155172972493,6.52905502483681e-08,8.707813280317266e-14,8.850542881518914e-13,-3.931877194668029e-26,-6.799625588691779e-17,2.4253599619035116e-25,2
0.000884746390729973,5.353745530377852e-08,2.2235560426267178e-13,4.041693960952076e-12,3.831287419692995e-24,9.22785345146304e-16,-4.065093675597265e-26,2
0.0009250141687187109,5.711042903970735e-08,6.952187161711109e-13,9.57954561345734e-12,1.4939491819712037e-23,1.738502398257167e-15,-1.969703938051987e-23,2
0.0008895047102015532,5.447261956036506e-08,3.263627085348641e-13,4.997412397238723e-12,4.312242746536753e-24,9.506977401011768e-16,-4.704954469073456e-24,2
0.0008634066204924792,5.475464390028314e-08,3.9311880311131543e-13,4.136828086156556e-12,1.350817731110157e-24,4.279903175701947e-16,-5.099620228895891e-24,2
0.0009110076511995339,5.864854673993785e-08,3.498081014155824e-13,4.061862536107414e-12,2.1067063715268082e-24,6.718588090112291e-16,-4.3594007419170846e-24,2
0.0009400171378614252,6.319203834757848e-08,4.1667727884705884e-13,4.384406613003609e-12,3.4907150744341604e-24,6.993490968086462e-16,-4.788852870331819e-24,2
0.0008449145443645781,5.1199728569403434e-08,2.140955193069106e-13,2.7150690189534437e-12,1.6709108801876686e-24,5.271560676476606e-16,-1.2219045208471613e-24,2
0.0008938418267468516,5.5141601731373954e-08,1.8645924785783982e-13,3.1680117236342102e-12,1.9034755290980588e-24,6.378211129615503e-16,-1.518312655946987e-24,2
0.000904972178247456,5.937953806966971e-08,1.1169295413931732e-13,1.3132262229508346e-12,4.924232459637863e-25,3.115753195685973e-16,1.023475238025226e-25,2
0.0009121227856521559,5.324047589774328e-08,4.571641686319435e-13,9.602601906568984e-12,1.867035431444306e-23,2.101130580295008e-15,-7.497761622466716e-24,2
0.0009027948856827771,5.7876413083190075e-08,1.650751384214795e-13,2.4022979584627233e-12,1.3813870973919004e-24,5.402786715973043e-16,6.167086846685517e-25,2
0.0009049097051837553,5.970765112810837e-08,3.064101488991747e-13,3.10446047386224e-12,1.59222012869981e-24,4.457521367432865e-16,-2.575375600710695e-24,2
0.0009030602921587631,5.893874003758445e-08,9.986293372941018e-14,1.2159197077966484e-12,4.207683165632357e-25,2.923754126976902e-16,4.9765206340299305e-26,2
0.0008818412834188012,5.840901843768411e-08,7.754138964208295e-14,6.300155535388207e-13,6.11156654742734e-26,7.506706755509399e-17,1.2512115472749105e-25,2
0.0008481491234055298,5.494747754520252e-08,6.74676778934549e-14,5.233449059278774e-13,4.1328176882503e-27,7.230502319628545e-18,9.825304644954083e-26,2
0.00091944384337592,6.579500122569809e-08,5.14652908031713e-13,3.867200023167905e-12,-1.2792368530570515e-24,-1.2378855122792452e-16,5.30362582809524e-24,2
0.0010934172838826463,1.2774747192830274e-07,6.212499952707437e-12,1.3640073649289355e-11,-1.2521899341140167e-22,-4.8709732911325184e-15,-9.274857350133586e-24,3
0.0010567860250077638,1.3843353733210846e-07,1.4120934034631496e-11,1.6543355785987373e-11,-2.0878610778672927e-22,-5.240261250331253e-15,-1.4262787651133365e-22,3
0.0010517592307841181,1.25944913728738e-07,9.031118919332547e-12,1.2718446365255581e-11,-1.0743832010673258e-22,-3.723967480611492e-15,-8.388637265548609e-23,3
0.000991607339014549,1.1976437136607333e-07,1.1552043726147556e-11,1.3256535673303998e-11,-1.2436363268083597e-22,-3.587513646018463e-15,-1.0698538128366221e-22,3
0.001067750213468504,1.2586801712362725e-07,7.1468966526028735e-12,1.3512856787149626e-11,-1.3230295993385612e-22,-4.785208284045148e-15,1.1413117265992123e-23,3
0.001027726261260703,1.2136656757770598e-07,7.994203749081975e-12,9.923875764840051e-12,-7.656225262476245e-23,-3.097867194690114e-15,4.417290651419145e-23,3
0.0009850297589247992,1.0652184233474594e-07,7.1890079191691416e-12,1.0801697518160162e-11,-3.392098737250533e-23,-1.5601529512893186e-15,-8.893659016127054e-23,3
0.0009883581020820758,1.2452426548201714e-07,1.3720331918794479e-11,1.3010976723990613e-11,-1.3808659344993907e-22,-3.786430899855615e-15,-1.056034223119716e-22,3
0.0009865240995661105,1.0548523678155805e-07,5.279755871801598e-12,7.891649087795755e-12,-5.080851321800083e-23,-2.5521492625213975e-15,3.657068055021414e-24,3
0.0009886045938902793,1.0036816876832317e-07,9.361974863864398e-12,2.05243172368387e-11,7.833275993753279e-23,1.2342978881456445e-15,-2.7350671296110063e-22,3
0.0010518607052869902,1.0469177628029453e-07,4.442093723251861e-12,1.28737351220949e-11,-8.655935260581356e-24,-7.472824471763634e-16,-9.696773349624054e-23,3
0.001121837549204325,1.463259277178398e-07,1.1121558265477408e-11,1.8201834197201788e-11,-2.4363912573160805e-22,-6.516974983550097e-15,-8.779134211083217e-23,3
0.0009530101445621984,9.184143373614808e-08,5.05972675656867e-12,1.0524820670266423e-11,-1.0177394473990398e-23,-7.391038276641421e-16,-7.612701623962113e-23,3
0.0010028306232572814,7.375950186105491e-08,3.4002597371342627e-12,1.9386626551113272e-11,1.4044856009792815e-22,4.772677294420756e-15,-7.105980939875046e-23,3
0.0010165603372967052,9.517536443873207e-08,1.7141070734271223e-12,5.73470158055596e-12,1.4552327462800032e-24,-1.1567824552453977e-17,1.7920826698221316e-23,3
0.001006019630751289,8.015998625262997e-08,7.627966054380521e-13,5.092291231313535e-12,7.475549280236905e-24,1.1773813089045534e-15,6.696547982864138e-24,3
0.0010074900008795217,1.0542447777971281e-07,4.9449718552517684e-12,9.753819491208511e-12,-1.3205126703352015e-23,-8.644133085887497e-16,6.644024892667576e-23,3
0.0009218075405871257,4.681793639247756e-08,1.6992137676299263e-12,2.672002269022396e-11,1.699618751559972e-22,5.6987272829522424e-15,-5.940446958072783e-23,3
0.0009130233174042062,4.585692252022029e-08,2.978670976051243e-12,2.9261110035321806e-11,1.9449578728865196e-22,5.6576835037325705e-15,-1.918285874423081e-22,3
0.0008788993510120003,4.967134296616207e-08,1.945930433529485e-12,1.6664605883685695e-11,8.510799420348315e-23,3.517496360175336e-15,-4.197886545049524e-23,3
0.0009704800478976586,7.362564542248165e-08,5.152477126655271e-12,2.1022274454316075e-11,2.0956984142459273e-22,5.406641832797095e-15,-6.284562216536428e-23,3
0.0008981477886146439,4.3231967792231675e-08,2.4406920659286884e-12,2.8489070491189664e-11,2.3734015008061997e-22,5.923532583306649e-15,-1.022556212287062e-23,3
0.0012352116517283381,1.51175929024047e-07,3.859237782049173e-12,1.3566857557235541e-11,-9.410652966121025e-23,-5.0034348019747374e-15,-2.794467814547244e-23,3
0.0008270711834945273,3.701479771621206e-08,2.0716540617068246e-12,1.697991102993898e-11,6.389069196931681e-23,3.012068575204972e-15,-7.784584911179298e-23,3
0.000892122419103251,3.59138812141844e-08,8.348529193911445e-13,3.0489452277574785e-11,1.4682116238737938e-22,5.751402834756824e-15,-4.589061785718309e-23,3
0.0008922910396403006,2.9562589919569596e-08,7.334859578318529e-13,3.6375365678167497e-11,1.094259084077508e-22,5.997730175667766e-15,-1.5273885272063835e-22,3
0.0009303223569781671,6.75692163721681e-08,2.204454153725655e-12,1.2232651625116168e-11,3.289841395491599e-23,1.8593575177511958e-15,5.434035506345597e-23,3
0.0009347765895493067,7.328806962122361e-08,2.1914448821188317e-12,8.517958761406804e-12,2.0475941802656094e-23,1.3108085999085584e-15,3.057949092322232e-23,3
0.0010335241404213261,1.1422496527710916e-07,5.564698424922806e-12,9.482857974431646e-12,-4.474745077904817e-23,-2.2917478154590743e-15,5.2372880750496497e-23,3
0.0010306161431124239,9.347097073620734e-08,5.094379543662301e-12,2.021004578156834e-11,5.0751234720435616e-23,1.901522060020723e-15,1.9868805917634485e-22,3
0.0011503747891650731,1.23944153470175e-07,3.1272799998499604e-12,1.1034311079241606e-11,-2.918229625260992e-23,-1.5421588498328023e-15,5.787810390620901e-23,3
0.0011392968129731972,1.2529406321453516e-07,3.037393633996307e-12,8.619566920479748e-12,-3.724652010433529e-23,-2.5907670101912797e-15,2.3619188828822298e-23,3
0.0011076514624728407,1.1953469235664538e-07,3.712538240924925e-12,1.120147043751762e-11,-3.688348165655199e-23,-2.246569287364665e-15,6.210887479365663e-23,3
0.0010331084785785735,9.904771094540599e-08,6.447454334737541e-12,2.1568086515635513e-11,5.169342160662018e-23,1.2689754342439027e-15,-2.490295184138118e-22,3
0.001090447430176541,1.1097268591575656e-07,5.6627407376486e-12,1.9832129654893786e-11,4.1454353615508784e-23,9.651212508947453e-16,2.0603951782271422e-22,3
0.0011209973755453332,1.1782436605190556e-07,2.787292849505411e-12,1.0501800939849276e-11,-2.3590088787182078e-23,-1.4665957057110411e-15,5.168953629070767e-23,3
0.0010992150825430975,1.071259928498383e-07,3.940086206609964e-12,1.5757557476109325e-11,1.9304859611122618e-23,1.0483265254314289e-15,1.226513270482548e-22,3
0.0010579193097436407,1.0448194909630359e-07,3.81759802606277e-12,1.2430764227719925e-11,-7.905434067634929e-24,-5.201778073777014e-16,8.526744918025688e-23,3
0.001119977024844202,1.3802294945732888e-07,1.181155405658669e-11,2.4293177125687974e-11,-1.8630537503597378e-22,-4.399928868716574e-15,-3.669202603365834e-22,3
0.001138648781432648,1.324431408170922e-07,1.062456521029547e-11,2.661962289067615e-11,-4.3556121554134546e-23,-1.073642198973957e-15,-4.455465170643484e-22,3
0.001131175775188354,1.4815738863238686e-07,1.5583939116091754e-11,2.8556934210034868e-11,-2.0584373807301126e-22,-4.427609116819986e-15,-5.661706995586857e-22,3
0.0011172941177615024,1.155850625244923e-07,2.39040601052575e-12,9.244901371112127e-12,-1.6061658859915323e-23,-1.2362089334757947e-15,4.0383049558726797e-23,3
0.0010990748802016937,1.1261524106028829e-07,1.4691393060781053e-12,4.909625735379246e-12,-1.252585897630644e-23,-1.5640575967302396e-15,4.1190101983489635e-24,3
0.0010962484238223541,1.075141906225431e-07,1.5937782851908822e-12,6.339449219133113e-12,-8.907255907189077e-24,-8.82997321908446e-16,1.8075219819795998e-23,3
0.0011080590222906496,1.3283752743399906e-07,8.863619946279041e-12,1.805667442715233e-11,-1.4322944812539622e-22,-4.676265096450652e-15,1.7795440637768305e-22,3
0.0010819310987580785,1.0902650825473e-07,4.807249173006342e-12,1.5404846551316217e-11,-1.0996395843575262e-24,1.2969480786465733e-16,1.3256211969221904e-22,3
0.0010725149495084273,1.2709770477120548e-07,1.06360909768829e-11,2.1360410419829173e-11,-1.4179874645684795e-22,-3.4977380871133645e-15,-2.890554000646347e-22,3
0.0010905179219976816,1.308842071127654e-07,1.1229379226616659e-11,2.2297191007814702e-11,-1.051737033353657e-22,-2.6221862378351586e-15,-3.367794425805906e-22,3
0.0010818665358257097,1.312578449405106e-07,1.1432794247196173e-11,2.1422359345653346e-11,-1.1989227402625647e-22,-3.3524986018979538e-15,-3.1308582030591357e-22,3
0.0010771740071638732,1.3539056427743448e-07,1.158364413742078e-11,1.788146259327342e-11,-1.9512094948087172e-22,-5.175042125414363e-15,-1.6780270893614771e-22,3
0.0010806758102419776,1.1674754026854409e-07,4.892605568300639e-12,1.2487934184981124e-11,-8.568021400598617e-23,-3.6958755966941e-15,-4.676671929356636e-23,4
0.000976890956387513,8.022048191540165e-08,1.5962534406286547e-12,7.432125655817172e-12,2.3093696202666784e-23,1.6384359998816071e-15,-1.104456505385462e-23,4
0.0013738220208670679,2.1699286219019375e-07,2.9245459939641256e-11,5.790464022713997e-11,2.107332112252342e-21,2.2649219701175922e-14,1.1122916972086227e-21,4
0.0013738251184943905,2.1699413049082921e-07,2.9245683810977306e-11,5.790505483060367e-11,2.1073600128776243e-21,2.2649432240650755e-14,-1.1123132022939193e-21,4
0.0009768908956313532,8.022045752295085e-08,1.596256979305404e-12,7.432150767174024e-12,2.3093862940108667e-23,1.6384437899155157e-15,1.104458288473094e-23,4
0.0009768912084149569,8.022047706061428e-08,1.596271191864083e-12,7.432210104974157e-12,2.3094257865846538e-23,1.6384598438772894e-15,1.1044731820517316e-23,4
0.0009768961484380152,8.022143839647271e-08,1.596247876508375e-12,7.432089192587054e-12,2.309328224587458e-23,1.638397594850989e-15,-1.1044890559381902e-23,4
0.0008702013775312085,7.72873337561144e-08,3.326658803973721e-12,4.421047436102471e-12,-1.01593293404971e-23,-7.520371283509574e-16,-1.3573954438866363e-23,4
0.000833863516304835,5.401763577424899e-08,3.4140121741266573e-13,2.267234284656028e-12,1.5316878457932463e-24,3.873581026484887e-16,-1.2777918861309551e-24,4
0.0010627743113344114,8.002028347230387e-08,1.528384531608025e-11,6.764331847194701e-11,2.1490642438059224e-21,1.869375094524283e-14,-3.3470310926416114e-22,4
0.0010806796356254815,1.167481315643624e-07,4.892454419674619e-12,1.2487704213040698e-11,-8.567736987681881e-23,-3.6958543904286476e-15,4.6763154966843536e-23,4
0.0013738330914105706,2.169966216934749e-07,2.924632005391118e-11,5.7906353048487374e-11,2.107453740337756e-21,2.265028861524414e-14,-1.1123628343797362e-21,4
0.0010581359113072432,1.0559905239070915e-07,1.3896403255628326e-11,4.6449662350869237e-11,3.173341596015204e-22,4.071599382777227e-15,1.1366507970280048e-21,4
0.000714248573025738,3.849385876574832e-08,3.5328796799261053e-14,3.532970042270723e-13,3.155016823039115e-26,6.375077222694787e-17,2.371749672223454e-26,4
0.0007337109980443894,4.5737258922164906e-08,1.6103211733823138e-13,2.9477013968479427e-13,-6.236412910206103e-26,-6.092610319086272e-17,-1.5334150426006337e-26,4
0.0008688058891569529,5.861122235151046e-08,4.2445314449504747e-13,2.5222597178211184e-12,2.327073964841143e-24,5.180239601510441e-16,1.1813310586359606e-24,4
0.0008034810187246238,3.904031634772095e-08,4.2304663028677784e-13,8.063141785639095e-12,1.2151841474792709e-23,1.5201079611057942e-15,8.608245922765934e-24,4
0.0008082428288660236,3.7503765841395504e-08,2.86269974320354e-13,9.082737311575303e-12,1.3425680361137425e-23,1.751083736406291e-15,-5.852392363533715e-24,4
0.0007864494143367902,5.382388723854484e-08,5.663598411697879e-12,6.624544427238873e-12,3.6110703744047066e-24,7.119251555609219e-16,4.0416030202450653e-23,4
0.0007885070965532597,5.258298165494311e-08,4.741332645732929e-12,6.626368648047399e-12,3.580945897245124e-24,7.334624332543536e-16,3.6968828793354016e-23,4
0.000837685475453614,7.122682833492407e-08,4.6458754112619115e-12,6.6483315699520575e-12,-8.148028401901958e-24,-2.4594151812169806e-16,-3.6039406791540923e-23,4
0.0008862165889812116,4.960744415041621e-08,1.4337393198145034e-12,1.6598081084217106e-11,6.778360736936309e-23,3.374018889625581e-15,-4.4288333541441287e-23,4
0.0008136294384457681,4.8898259171200214e-08,4.3269152632984204e-13,3.5024634977652532e-12,3.5350627914616055e-24,6.546243975664545e-16,-2.4686394891464878e-24,4
0.000871419970705951,6.003513703345195e-08,6.542569506247168e-13,3.4825202008235004e-12,5.239258328050769e-24,8.50635924473222e-16,-4.280784186552918e-25,4
0.0008564718763950458,6.841322307603814e-08,4.468669376832037e-12,1.0049358879080194e-11,2.0904056963476544e-23,7.44950141777811e-16,-6.401708741055973e-23,4
0.0007490184312013683,4.321906351734121e-08,7.455774255692751e-14,5.254765611237639e-13,9.42762786605973e-26,1.005359734382855e-16,4.3933225031576447e-26,4
0.0007519669763571299,4.087682314181455e-08,1.643566717067342e-13,1.701905190863181e-12,8.248530318654823e-25,3.295634508641127e-16,-3.6030499839853125e-25,4
0.0007519674767611638,4.087680410830381e-08,1.6435729097877288e-13,1.701939330685734e-12,8.248836708816253e-25,3.2957037557527734e-16,3.60306753824887e-25,4
0.0007485903067632477,4.311993865171102e-08,1.0995063678372655e-12,2.7750224853722805e-12,1.2234432331923305e-24,3.7979023785713204e-16,4.690348289217941e-24,4
0.0007472548027224789,4.3794216463687995e-08,7.706105839884495e-13,2.1527509234701353e-12,7.199464657006653e-25,2.7582270376410076e-16,-2.677635013265436e-24,4
0.0007293418396557433,4.453423255678994e-08,1.0701941678367856e-11,2.9594011597115588e-12,6.430968983034293e-24,4.7704559799003895e-16,1.5363006559362513e-23,4
0.0007846380542816537,4.15507423964383e-08,5.012466865268286e-13,4.9906960744871834e-12,6.380441526473861e-24,9.589626223258763e-16,4.647223369202743e-24,4
0.000776602378529402,4.0006658067816646e-08,8.735743875903995e-13,5.854763534793726e-12,6.563717360118663e-24,9.976280325955204e-16,-1.149940019400807e-23,4
0.0008071496351502408,5.016018150689697e-08,2.110328904261352e-12,6.739070354510161e-12,9.195551867449617e-24,9.643959059868254e-16,2.3692177411006142e-23,4
0.0008209066988398071,5.33414803921416e-08,7.23536664810616e-14,5.116852423457067e-13,9.715222828530072e-26,1.1526512107851573e-16,-1.5959015462562692e-26,4
0.0008209059931197252,5.3341424773107436e-08,7.2349003353537e-14,5.116800371647469e-13,9.71471307748146e-26,1.152634733560038e-16,1.596120614592215e-26,4
0.0007406520974266673,4.4159042844287176e-08,1.1969134011071772e-12,2.0840040445786804e-12,4.377639699194806e-25,2.4696587785489634e-16,-3.2621470903967637e-24,4
0.0007533122634316991,4.605343997423731e-08,1.182841153120228e-12,2.542309121423016e-12,8.2221467272983265e-25,2.8870625304000235e-16,-4.331301075928267e-24,4
0.0008038826727308461,5.932590677143838e-08,9.32832259409302e-13,1.7411139243518195e-12,-1.6339128123023725e-24,-3.3117454108625746e-16,1.5013179792034284e-24,4
0.0010048555076096314,9.906383738165504e-08,2.8764999559041233e-12,4.623188615468401e-12,-9.880979024699294e-24,-1.0134716664526802e-15,1.3660486087924435e-23,4
0.0011954764809051625,1.4828318338224356e-07,1.7841694952641654e-12,2.4182914503541563e-12,-3.587092586677855e-24,-7.088906436665004e-16,3.516442578243821e-24,4
0.0009482409762691564,8.027494616485713e-08,8.682671804210849e-13,1.7404145074405987e-12,-2.1374469235994752e-24,-4.892051958754706e-16,-9.296612988854722e-26,4
0.0007687302014346574,4.162246983459631e-08,7.440661233373904e-13,4.39287376668705e-12,3.6411493445944735e-24,7.079496751793513e-16,-7.058122687104817e-24,4
0.0007007418138166856,3.815268210919076e-08,5.904063913965203e-15,4.2647967353376976e-14,1.5474119356743519e-28,8.325133831075898e-18,6.588130896555343e-28,4
0.0007687277347880864,4.1622268050575616e-08,7.440248833354582e-13,4.392637183645299e-12,3.6407558560148336e-24,7.079123461409746e-16,7.057356123132057e-24,4
0.0007687283252334542,4.162238123606e-08,7.440259437466569e-13,4.392652663096646e-12,3.6408053931243994e-24,7.079147980678816e-16,-7.057384168235626e-24,4
0.0007687285665893097,4.1622401038228945e-08,7.440286635206612e-13,4.392672075843075e-12,3.640839911787709e-24,7.079181180203019e-16,7.057441927423281e-24,4
0.0008071491311665126,5.0159646324417126e-08,2.110166966733475e-12,6.738977661600345e-12,9.195095294394582e-24,9.64390405051146e-16,-2.3690746219665554e-23,4
0.0008071458973666299,5.016010420611943e-08,2.110236715020241e-12,6.738482800692224e-12,9.193114353202493e-24,9.6428076417551e-16,-2.368896294567574e-23,4
0.0007142482801883495,3.8493846575403084e-08,3.5328086595312263e-14,3.5328782608417626e-13,3.1548368732760576e-26,6.374887716015976e-17,-2.3716670611587787e-26,4
0.0007943682535814943,5.2300814071423505e-08,2.1961365597669947e-14,7.850167361908119e-14,6.008301632302936e-28,2.743629608741566e-18,3.2036228685370403e-27,5
0.0007943682535814943,5.2300814071423505e-08,2.1961365597669947e-14,7.850167361908119e-14,6.008301632302936e-28,2.743629608741566e-18,3.2036228685370403e-27,5
0.0007933027926068495,5.1983634268510404e-08,2.2341823309858665e-14,8.851819599482505e-14,2.4964736791237016e-27,1.321647882449457e-17,3.0435998906803736e-27,5
0.0007949070121950892,4.81430365759121e-08,1.2037806501824532e-14,8.9529236586179e-14,2.9278869484776242e-27,1.9626001261070322e-17,2.570037064999619e-28,5
0.0007929407149909239,4.795179436579623e-08,1.4093053217386173e-14,1.0629247693382126e-13,4.065817942009265e-27,2.312352030558812e-17,6.272964390536135e-28,5
0.0008316497972124894,5.982768515116137e-08,2.2140777693310983e-14,7.637821812421345e-14,-2.5842247880099318e-27,-1.549561424997391e-17,1.7851837498755937e-27,5
0.0008212201807318883,5.127193563334537e-08,3.2933617528574574e-14,2.0223556766326733e-13,-4.713582538840688e-27,-9.616469153487717e-18,-1.5817245149851554e-26,5
0.000821871326346011,5.1190821141270746e-08,2.4376864561136713e-14,1.3378551630142184e-13,-6.05933204891537e-28,1.0143577461175856e-18,7.616096194104656e-27,5
0.000794144152551868,4.7611855659856434e-08,1.3500490945303838e-14,1.0644683712795532e-13,3.965169577709316e-27,2.2985910015658875e-17,-7.489549644721931e-28,5
0.0007910704022849678,4.7438844077227516e-08,2.207146366550649e-14,1.6744360257454208e-13,4.9707030912670005e-27,1.9979879895866727e-17,-8.883157893753811e-27,5
0.0008006239963263075,5.3760263237404867e-08,1.8467491034171197e-13,5.794009267409829e-13,9.208904728466463e-26,5.5263801726724074e-17,-1.6565132697632184e-25,5
0.0007834435848491654,4.6867479082385153e-08,4.07826313739096e-15,2.9689144540474715e-14,9.84334859204295e-31,-6.922618968683739e-21,3.2668724363646954e-28,5
0.0007844354018385125,4.701420393339491e-08,3.5171587714961484e-15,2.5156337895838633e-14,-1.5991685069819425e-28,-3.4598641993581972e-18,1.7441234107058048e-28,5
0.0007755991123637384,4.9140042291132016e-08,2.0445967289120246e-14,7.360466763122203e-14,2.1763416588348774e-27,8.87261972924727e-18,-1.848419598850752e-27,5
0.0007721532294949929,4.847247836577114e-08,4.6131665989157736e-14,1.7004288502872214e-13,1.2375740616937779e-26,2.4118324455029077e-17,-8.582393959910496e-27,5
0.0008015347626727973,4.7257525395735166e-08,5.710947727755366e-14,6.138767644179959e-13,1.1155599712946502e-25,1.2984331264630826e-16,-2.769022606691065e-26,5
0.0007997789943515335,4.780023159498948e-08,3.239039454591978e-14,2.7662850605081663e-13,1.981793666198065e-26,4.701787346469332e-17,-1.7114513509682752e-26,5
0.0007792609750845551,4.6344541324845075e-08,1.8531847063762422e-15,1.295542660742578e-14,-3.7547275447530016e-29,-9.726395798613989e-19,5.118508329496497e-29,5
0.0007979786795680305,5.4014624141576366e-08,4.249036134646704e-15,7.307080445842868e-15,8.102688965314874e-30,1.340619303089355e-18,-3.990122915718408e-29,5
0.0007746853732304211,4.6000205186443655e-08,5.296606422456916e-15,6.411667668063238e-14,7.635635378806966e-30,-9.648439080921576e-19,-1.1815341765651499e-27,5
0.0007681952211029586,4.8500310959910216e-08,1.6533325303688995e-14,4.7243758639201144e-14,-4.446096026899594e-28,-3.865762776124187e-18,-1.2432651499472972e-27,5
0.0007615503659029309,4.7646459897408365e-08,4.874321490032717e-14,7.727642632516761e-14,-2.2173849490980166e-27,-7.111150464273024e-18,-4.192447007666504e-27,5
0.0007459898015756687,4.3152406599792194e-08,2.567151514458266e-15,1.5044234311819446e-14,-8.347789165006346e-29,-2.7590740360572075e-18,-4.210053027715057e-29,5
0.0007459259446597022,4.305584805344841e-08,5.678644471564552e-16,3.1030472219475926e-15,-2.3359092716396558e-30,-3.353042478985089e-19,-3.392744370856683e-30,5
0.000752501988214448,4.62917408332505e-08,1.608681118382865e-14,2.5353710866997904e-14,-4.908035457178087e-28,-5.2493635576683615e-18,1.4590703977382103e-28,5
0.0007479401943389335,4.533028104997526e-08,5.4429038617088426e-15,1.486233877325333e-14,7.619405855119397e-29,9.88441331082543e-19,-1.0983228808827178e-28,5
0.0007381892438473414,4.2293915286066906e-08,5.129863799680246e-16,3.3050100897613246e-15,-3.7533114209988176e-30,-5.936122083900941e-19,2.1052168243760813e-30,5
0.0007378538493207894,4.223715738946562e-08,7.200522067722152e-16,4.68684834268541e-15,2.8841535898253344e-30,2.7544271527072444e-19,-8.112571961837271e-30,5
0.0007584533929883132,6.333474323166687e-08,3.150085601107636e-11,1.3116418406147796e-12,8.29683959456464e-24,3.2937095297258265e-16,1.49861415879384e-24,5
0.000793107850475025,4.77863376838103e-08,8.627490051907878e-15,1.1061018255042049e-13,1.915880904506564e-27,1.1303193034345916e-17,2.8292662107696108e-27,5
0.0007914908104191974,4.75641269512214e-08,1.2616928521726086e-14,1.1135481817121348e-13,3.0522908130946604e-27,1.7538757835088113e-17,-2.8468975580528477e-27,5
0.0007730505791301217,4.8903302891815455e-08,1.6551702003469041e-15,6.695430031194502e-15,1.4160006566820534e-29,1.3799788621662142e-18,1.7213082510275447e-29,5
0.0007681178717263975,4.5314438746421876e-08,2.5783156603414644e-15,3.51155173242789e-14,3.340462612845752e-28,7.452891351662264e-18,-7.520524928476173e-30,5
0.0007662632519691655,4.5153376899000194e-08,3.2041417402367002e-15,4.042027346714558e-14,3.612479260802742e-28,6.5177854799740035e-18,-2.847751997549022e-28,5
0.0007748439950892672,4.896100345530035e-08,2.1219913823342533e-14,7.983578599165095e-14,2.9635649189658664e-27,1.4876046192872417e-17,1.4195462765761114e-27,5
0.0007413992867058431,4.2695857919679666e-08,2.3888290354866593e-15,1.814772244690177e-14,9.470179414016233e-29,2.7915205058634056e-18,-7.286320544070415e-29,5
0.0008523193104201117,1.1560342444098484e-07,2.0933346180028175e-10,2.991959682642622e-11,1.5915576101654328e-21,-2.141543724125598e-15,-1.7531758685869875e-21,5
0.0007438529976687696,4.2933785128149216e-08,7.690609069689445e-16,8.153202927413315e-15,1.887746929520644e-29,1.6425099605596022e-18,-7.775488268786316e-30,5
0.0007570729498478157,4.6208936475302235e-08,1.837586492473076e-14,7.018511551075563e-14,1.1225808810773453e-27,4.614115287874314e-18,-2.2567389204631816e-27,5
0.0007572981203589524,4.613314105824516e-08,1.4501753430407317e-14,6.262181614207379e-14,1.320038553657658e-27,8.179067893834998e-18,-1.3485946271552117e-27,5
0.0007599442802884725,3.260447712287197e-08,2.6748005088745852e-11,2.329324638263174e-12,1.7896695472572977e-23,3.956339082785267e-16,4.2141066071306855e-24,5
0.00075179366656475,1.4619460570970634e-08,9.421375207034186e-12,1.725964396991328e-12,6.5940033839192586e-24,2.0249426601910015e-16,-2.227049873963442e-24,5
0.000750164848758921,1.5923991837577636e-08,9.023149829170834e-12,1.4501863990244114e-12,4.7735772277882786e-24,1.7902922098291252e-16,-2.1752633372196583e-24,5
0.0007968228319889946,4.755793730924359e-08,1.813899000025577e-14,1.719100719873538e-13,7.287036264543761e-27,2.917200181285762e-17,6.249296999671127e-27,5
0.0007952599914049872,4.756121518551418e-08,1.0824107635748458e-14,8.882415082005313e-14,1.649742762453721e-27,1.2089641625588002e-17,2.2054178108914824e-27,5
0.0008135340903974749,4.909963988583439e-08,2.3283487689479975e-14,2.7317089461582076e-13,1.6620805246105436e-26,4.662056387101492e-17,-1.4084551731995557e-26,5
0.0008131059589476309,4.919355664223082e-08,2.0909050871499784e-14,2.419247019343921e-13,1.00937452109436e-26,3.241063598330772e-17,-1.393459919805731e-26,5
0.0007737003558436718,4.9305762410459694e-08,6.5796291119412346e-15,2.1566643386400125e-14,2.410228852509985e-28,3.496850234207591e-18,-8.893116071807681e-29,5
0.0007710101490440756,4.883732323062055e-08,2.751447776839234e-15,8.087696156826641e-15,3.374315623198977e-29,9.560866637551848e-19,-1.7803884991212535e-29,5
0.0007473149268525031,4.512416856504266e-08,8.324710123177063e-16,2.173896809138711e-15,2.7285096392800768e-30,3.5486269440433285e-19,1.0524227289314524e-30,5
